Country Name,Year,GDP,Inflation,Unemployment,LifeExp,Education,GovSpending,Investment,Trade,PopGrowth
Africa Eastern and Southern,2019,2.03007686221603,4.10285075461156,7.45910636823544,63.8572612837043,8.67273044586182,2.72168052257397,22.0030443460919,24.1083995883246,15.2791925061319
Albania,2019,2.06257790176122,1.41109078954242,11.466,79.467,61.4085141527142,-1.54313709096794,25.2875256073276,30.9361224858484,12.6759912713341
United Arab Emirates,2019,1.27134240761141,-1.93108114782172,2.331,82.596,53.8814655213653,1.0545163442516,23.185328258013,93.3023091201398,12.6068496743838
Argentina,2019,-2.00086100285785,53.5483043492339,9.843,76.847,95.1928240640628,0.710900853077743,14.2100303992191,17.9248783778462,16.4432415862976
Armenia,2019,7.59999999853918,1.44344660770698,18.304,76.2219512195122,53.5944174785534,-0.219168932037313,17.4085294108567,42.2626073502911,12.5645600985114
Australia,2019,2.19401703622717,1.610770929127,5.143,82.9,109.759559631348,1.47749071058438,23.2971815966264,24.0624800210722,20.2893843805062
Austria,2019,1.75497619649288,1.53089564152643,4.56,81.8951219512195,86.3234329223633,0.444673639004876,25.5090080970816,55.8958073929339,19.5313211345866
Azerbaijan,2019,2.47980879185565,2.61057182799215,5.0,73.29,32.9221812477847,0.846646726414021,20.3077798481492,49.0506275016423,11.1234709302752
Belgium,2019,2.4428900448156,1.43681956996438,5.364,81.9951219512195,79.3044815063477,0.540461327098122,24.6756822316808,82.9674275396401,23.0038112825895
Benin,2019,6.86568662848335,0.732849371241066,1.214,59.888,10.3906803131103,2.73538842831436,25.6298005790604,29.6305271935478,10.3420632400446
Burkina Faso,2019,5.88920497068135,-3.23338933983321,4.493,60.184,6.90532594926159,2.52989803984158,19.7578680144889,29.2576956572794,20.4999424066528
Bangladesh,2019,7.88191515117722,5.59199639930629,4.504,72.625,22.7094642473405,0.84641125179804,32.2137331126266,13.0947573353039,6.2381894055709
Bulgaria,2019,3.79331765354152,3.10372944796771,4.148,75.1121951219512,84.7503128051758,-1.41171852077109,20.7340031845359,64.3005878621409,16.8038914263273
Bahrain,2019,2.05287774418655,1.00582004702136,1.217,80.471,52.9045782700327,-1.29469437720599,35.6238571804314,73.0944239873751,14.994212256707
Bosnia and Herzegovina,2019,2.88585242083978,0.56278215406123,15.692,77.394,46.6677894592285,-1.23185506471358,25.1910361335464,40.040069270151,19.3589709289337
Belarus,2019,1.44645548204305,5.59815595039853,4.165,74.2268292682927,81.2921953254514,-0.201786600970723,29.1499946931726,65.0945839929757,16.8429795126774
Belize,2019,4.25658710030072,0.187069385181424,9.053,72.577,25.138736158351,1.46284533510266,16.8394904249154,52.0189198848801,18.8183305235662
Brazil,2019,1.22077782271943,3.73297621216893,11.936,75.809,53.6215400695801,0.651994346081362,15.5167908016709,14.1229191909095,19.9835812871943
Brunei Darussalam,2019,3.86884436177075,-0.390522069165529,6.6,75.049,27.7715019255456,1.10621350885567,38.6777534991209,57.946040538108,25.0403962194955
Bhutan,2019,5.75514851246506,2.72643037388832,2.72,72.005,15.9420291550317,0.66444642692507,46.0853579354704,31.4575032617598,19.1177473889876
Botswana,2019,3.0317733945467,2.7728644286332,20.094,67.167,21.4965480211896,1.42262847077389,30.8204405592326,37.0878176552067,31.6419395023481
Canada,2019,1.90843194590616,1.94926902411592,5.69,82.1585365853659,73.1128768920898,1.46171259938134,23.0424241743147,32.3526958202565,20.6634960880685
Switzerland,2019,1.14198218965691,0.362886179940674,4.394,83.9048780487805,66.3093414306641,0.713313668444329,26.4377929043745,66.9653936798419,11.3549037641088
Chile,2019,0.634367533828438,2.55754475703326,7.493,80.324,92.0659713745117,1.59911795256016,24.9390098912825,27.8746677570512,15.2539557255243
China,2019,6.06850235053705,2.89923416358226,4.56,77.94,56.6050917923292,0.354740890170827,42.6695374085222,18.0557069597496,17.1510123948127
Cote d'Ivoire,2019,6.72137167584978,0.79085551205366,2.401,60.274,10.3256981639741,2.61916841176218,21.9899384954404,22.6604887650452,10.8276425991993
Cameroon,2019,3.47505998194981,2.45280214062732,3.632,61.695,15.0528614131463,2.78164441246944,18.9346454960496,19.8500907473186,12.0963512548066
Colombia,2019,3.18685539245533,3.52301932741446,10.28,76.793,56.6663017272949,1.78615507724394,21.3806095458027,15.8680386541241,15.7732334152149
Costa Rica,2019,2.41751181762513,2.09604635327807,10.807,80.296,55.0202903747559,0.838278384859255,16.0640851994464,34.3253215593308,16.7512009792355
Cyprus,2019,5.87559583386607,0.250370996758493,7.155,81.454,93.9260711669922,1.24612155650882,19.4907459360244,75.7588676037208,16.0348848806971
Czechia,2019,3.56577658128261,2.84787595918041,2.015,79.2292682926829,66.8802185058594,0.393788864202175,26.171850655873,72.1248511386482,19.2646329881001
Germany,2019,0.977734697038784,1.44565976888253,3.163,81.2926829268293,72.705078125,0.22551987421288,21.381259046499,42.3402444816356,19.8895196309028
Denmark,2019,1.71140093932736,0.75813157251162,5.018,81.4512195121951,81.6945877075195,0.358130915892652,21.8859998750194,58.9506079167167,24.2047767614883
Algeria,2019,0.899999999219148,1.95176821052891,12.302,75.682,53.8645018203122,1.84041291439333,44.6295617875004,20.407941949491,18.2610260787535
Ecuador,2019,0.1654044646003,0.266012515466155,3.812,77.286,47.2627814012203,1.68935479627168,21.04923118303,24.0486345985713,15.184077301137
"Egypt, Arab Rep.",2019,5.55209307156956,9.15279959324803,7.851,71.213,33.622825887244,1.75497438173801,20.6540385989993,16.6440314510365,7.2855611150822
Spain,2019,1.96117850841711,0.699518994458738,14.104,83.8317073170732,91.5387725830078,0.716697775475724,20.9088226144802,34.6755629292261,18.7386237646665
Estonia,2019,3.72664943466884,2.27725931243522,4.514,78.6463414634147,72.7060317993164,0.371554389037477,26.356088071314,72.0191543549198,19.0819330513563
Finland,2019,1.34973845741737,1.0240939296343,6.695,81.9829268292683,94.5891189575195,0.110191690491055,24.5675378797407,40.6183181143561,23.318575537276
France,2019,2.02744646419237,1.10825492288293,8.415,82.8268292682927,67.7331314086914,0.332559129027963,23.0250733613606,32.8895593910847,23.0348422675243
United Kingdom,2019,1.25629899760824,1.73810460086513,3.657,81.3691219512195,65.5119934082031,0.514596380840432,19.0285140310906,31.9028602803155,18.934726344575
Georgia,2019,5.38071926589951,4.85289821696723,11.565,74.165,69.6463934713126,-0.171565740223868,27.1682284921369,54.3043084100873,13.1442836745365
Ghana,2019,6.5077747939152,7.14364003330857,3.067,64.455,17.3607250095097,2.00780519953703,18.6472756161472,37.4495998625311,7.04320381025923
Greece,2019,2.27718065334808,0.253007522038059,17.045,81.6390243902439,143.96272277832,-0.105339392724138,12.0996603246177,39.5602885530263,19.9791204523634
Guatemala,2019,4.01789785040324,3.69998398008605,2.193,71.639,22.559501429793,1.52062955252943,14.3298340372808,17.6119727745274,11.1070027458915
"Hong Kong SAR, China",2019,-1.6724459934221,2.88320853773996,2.917,85.1558536585366,83.8542119335773,0.739283471323064,18.189947213062,177.651315174364,10.8764361048878
Honduras,2019,2.55963434592314,4.36587159819267,5.698,72.124,25.3231382609304,1.81063773761993,22.9676941165281,40.2189637388964,13.879034545863
Croatia,2019,3.10152683894853,0.771820346498019,6.551,78.2243902439024,74.0501174926758,-0.992302961069294,21.9665426156852,50.4918641373337,21.6961954688798
Hungary,2019,5.07718495088933,3.33858635382008,3.411,76.3195121951219,54.2122917175293,-0.125143121699401,28.6983472177676,81.065700696964,19.9741487864456
Indonesia,2019,5.01928768046282,3.03058460941661,3.59,70.349,37.3230862728703,0.935604959235128,33.7801423773995,18.5915277970883,8.80847129067065
India,2019,3.87143694070356,3.72950573539129,6.51,70.746,29.0233593907143,1.04001395098104,30.0961975685688,18.664264897257,11.0026755133718
Ireland,2019,4.97288003766816,0.937842961189274,4.95,82.7024390243903,74.444580078125,1.58865409604595,53.7020817171995,131.224509342169,11.8119798486019
"Iran, Islamic Rep.",2019,-2.36143538770575,39.9073455697784,10.74,76.855,58.1169509887695,1.07831720901251,40.2029489850244,22.3147082096412,14.8711446390003
Iceland,2019,1.13821230465001,3.01397179156053,3.507,83.1634146341463,70.6093521118164,2.19893225826166,20.2034835852927,44.7138622775299,24.2878846398556
Israel,2019,3.71049632750405,0.817645940292794,3.731,82.8048780487805,57.4564514160156,1.90898263957994,23.8648600543139,28.9810422486608,22.1367419361983
Italy,2019,0.429162533780342,0.611246943765304,9.884,83.4975609756098,65.6895065307617,-0.700011055973408,18.3641315277239,30.9498739181942,18.5421071991348
Jordan,2019,1.75124077866225,0.761514047265601,16.801,76.865,30.1108403894558,1.98343822476301,21.4133341743379,36.3349404358171,16.3717377599542
Japan,2019,-0.402169200894946,0.46877615938395,2.351,84.3563414634146,62.4008407592773,-0.140464977878172,25.7896961306359,17.4635264275221,19.9451059201578
Kazakhstan,2019,4.50000000091883,5.33356098916669,4.8,73.658,57.3421123781351,1.45157995956237,27.6275749485747,36.4389870990994,9.13216157597614
Kenya,2019,5.11415885767801,5.23963795764792,5.014,62.939,10.4975595474243,1.96381549826771,19.3418324204191,11.4279956869332,12.1707972873275
Kyrgyz Republic,2019,4.60062565707598,1.13362257718804,5.45,71.6,40.8257000638543,2.24236415055009,34.4462636342397,33.4764696600324,15.700980649991
Cambodia,2019,7.93695013588524,1.94257500833107,0.119,70.127,12.9409846754696,1.26258301009769,31.3945541935104,55.4468679729119,4.8093386379996
"Korea, Rep.",2019,2.31380210595475,0.383000303608136,3.746,83.2268292682927,93.9989166259766,0.347874968577526,31.1955884616555,37.0413266370488,16.06298714056
Kuwait,2019,2.26381706595791,1.09184802655856,2.213,81.969756097561,50.4400595299189,2.71071332448015,23.0019978533703,52.0582560763879,24.4026499843359
Lebanon,2019,-6.91492472851026,3.00538949390383,11.301,78.208,50.1483937104215,-3.21837128976045,12.3224742609761,20.6977589567577,15.6297834775773
Sri Lanka,2019,-0.220483886831275,3.52839358231811,4.67,76.698,19.4563160693078,0.611875945764341,34.1087160599303,21.8235309247363,8.97254856440914
Lithuania,2019,4.67735183530451,2.33450937988027,6.255,76.2829268292683,75.0942306518555,-0.288120400605037,19.5803862338798,76.8187229886379,16.7959480603607
Luxembourg,2019,2.74931929072659,1.74332075653848,5.592,82.6390243902439,19.3969497680664,1.9628449198635,18.653116084379,206.580145839872,17.2435453447671
Latvia,2019,0.675372771884227,2.81140920075624,6.312,75.3878048780488,94.8645324707031,-0.695239140136066,23.3384745378809,62.5368430163073,19.8089011462475
"Macao SAR, China",2019,-2.4609094006739,2.75193081051975,1.73,83.9292682926829,80.0911214953271,1.96865626033754,14.1724783202989,82.646781315937,10.2159750855141
Morocco,2019,2.89097476137077,0.303386036590383,9.191,74.245,37.7212021382481,1.03022315933698,30.594933523466,34.093057468891,18.1789365690301
Moldova,2019,3.5523140853476,4.83778351428728,1.502,70.181,54.7812048030675,-1.60031653578231,25.1036618823408,31.1910849579769,15.2110207292095
Madagascar,2019,4.41123212909589,5.61051441492365,2.479,63.504,5.28586006164551,2.60136633480103,22.6840481290776,28.4244012431975,15.1061191330375
Maldives,2019,6.92305989050099,0.220029731065383,4.562,79.707,24.6480059688561,3.04593554452725,43.161162875967,65.5134179400092,16.5770131482612
Mexico,2019,-0.392690505066824,3.63596142127046,3.477,74.53,43.0441398620605,0.950144329831411,22.1485426373991,38.5296507920009,11.1079031013032
North Macedonia,2019,3.91041953840173,0.766439573459805,17.414,76.6024390243903,43.1991004943848,-0.679308688552216,34.2601160992835,62.4080567878813,13.9974562678743
Malta,2019,4.08505582134097,1.6420600176894,4.08,82.6585365853659,58.4985084533691,4.05171762437788,20.9696312129439,124.520039894382,16.8902824316435
Montenegro,2019,4.39391565821528,0.361563704540767,15.128,76.6829268292683,56.2633209228516,0.0502716675485305,30.9122493495261,44.3238379207013,18.7637676616963
Mongolia,2019,5.60224422064255,7.30106953550729,9.024,71.0531707317073,67.970817565918,1.8371507310985,35.591845156927,59.2172331806539,13.1079648639038
Mauritania,2019,3.14100489306969,2.30009262117937,10.416,67.64,5.88823986461851,2.95347297852629,40.0113579283691,42.3975240406607,13.295473572103
Mauritius,2019,2.89128499346516,0.405655190309553,6.331,74.2358536585366,42.9878710798151,0.0322330642925213,19.1587201983377,60.3459360407147,14.5392459934016
Malaysia,2019,4.41318742129586,0.662891865764326,3.33,75.9,40.8082966813944,1.59646653343981,21.0482403944815,65.2777668428576,11.653100184343
Namibia,2019,-0.839152163419357,3.72239414422695,19.929,63.546,25.8966511201824,2.79932223646079,15.3291127102813,36.4008818615818,25.5542319178444
Niger,2019,5.93985257123522,-2.48979265070855,0.531,60.031,4.15170730347346,3.36654855482346,30.6723209374769,10.7593769160532,15.6551048903491
Norway,2019,1.12374694968757,2.16773003305411,3.684,82.9585365853659,85.7633819580078,0.675061373245644,29.611444403947,36.640925320627,24.1035080681146
Nepal,2019,6.65705543110467,5.56616035243723,10.477,69.299,13.8072821953912,1.18377302604311,41.3787409108185,7.7799364745157,8.11709521231421
New Zealand,2019,2.31747144034802,1.61963190184048,4.109,82.0560975609756,77.5843734741211,1.41225538599445,23.7676954815243,27.3298341875002,18.852086342506
Oman,2019,-1.12863801728058,0.490815362820671,2.045,79.946,45.1723183863131,-0.144431732263903,26.8649178662351,49.4929030047786,23.1085016273177
Pakistan,2019,2.49763692943365,10.5780305672025,4.83,66.729,11.103638528678,1.69187124669657,15.4996449690024,9.3908635386027,10.7497525398245
Philippines,2019,6.11852566221303,2.39206534422404,2.237,69.68,30.0548680110365,1.21615534645287,26.4018084647284,28.3829200126393,12.4677544303537
Poland,2019,4.58045817256199,2.22747880938291,3.267,77.9048780487805,70.9065017700195,-0.0244271070993493,20.7076794491101,52.6128934811742,17.8183081676231
Portugal,2019,2.74568432648596,0.338178410046034,6.422,81.6756097560976,66.0920562744141,0.0237334946497115,18.76826598288,43.6531259432991,16.9881438936785
West Bank and Gaza,2019,1.36268746558062,1.58018333639455,25.34,75.811,45.6330464687168,2.51178246264674,26.8012957072402,15.5210552426533,20.660110310211
Qatar,2019,0.688255893930972,-0.666641124861147,0.1,82.945,21.0931416049405,2.21962210028933,43.7353659391394,52.1888123216489,18.4635724588468
Romania,2019,3.96028958497598,3.82785432599438,3.912,75.6073170731707,52.4439697265625,-0.526814821936341,24.4073793139433,40.3352034270657,17.5583336108956
Russian Federation,2019,2.19807571335009,4.47202631837903,4.513,73.0839024390244,80.9520697471091,0.037947213753429,22.6615137722235,28.4334306799759,18.1013664111203
Rwanda,2019,9.44738518613097,3.34787655037648,11.236,66.691,6.3142892660234,2.28086099658628,27.0287152007204,21.8254435390056,15.8165587890012
Saudi Arabia,2019,1.65158925617395,-1.19298644533328,5.636,78.313,77.9664942011008,-0.439701419074031,25.5522842268021,32.159204977113,22.6767882524964
Senegal,2019,4.61362809749708,1.76011151192939,2.863,67.668,12.60825139125,2.71760793051867,31.9656603434826,24.9831341973865,14.0076479696607
Singapore,2019,1.30804118153127,0.567829988405447,3.1,83.5951219512195,91.0889904414776,1.14428330688929,24.5014074011136,176.891299992751,10.2740281293141
El Salvador,2019,2.43747159065784,0.0753241350024612,4.17,71.725,28.5178063545936,0.0403628806830014,18.3447949008115,29.9559096080003,16.0320209633966
Serbia,2019,4.75020793899014,1.84922984511086,10.395,75.9365853658537,67.7898406982422,-0.536610017822353,24.9266250234247,48.9609956559925,18.3652144119898
Slovak Republic,2019,2.27589910019393,2.66456133425431,5.761,77.6658536585366,48.1902389526367,0.135328072840865,24.0619105210669,91.8440865121276,19.5594607255757
Slovenia,2019,3.50525332381912,1.63052260754344,4.446,81.5292682926829,76.4720077514648,0.696304046333357,20.8345240702316,84.3570583498527,18.4696011878283
Sweden,2019,2.60823012869524,1.78415097403835,6.833,83.109756097561,75.1148529052734,1.01372226345511,24.4772455073125,48.2886583812982,25.8980495807728
Togo,2019,4.92283321360694,0.674652770077525,2.036,61.061,13.1551472123617,2.44351209316794,18.6016944291693,23.9077019130487,13.2456024093298
Thailand,2019,2.11455779628278,0.706728601314311,0.716,77.197,44.9880040072053,0.204609851692418,23.8147525746375,59.5188906218859,16.1693520358071
Tunisia,2019,1.55009304966742,6.72007532863799,17.153,75.599,31.4410896301269,0.926946081730267,19.803398083912,45.9503306922947,18.816485090181
Turkiye,2019,1.30162365464503,15.1768215720022,13.73,77.737,117.005470275879,1.42969688109789,27.5058303832163,33.0298811646869,15.2428471146395
Tanzania,2019,5.79999999996723,3.46428057999021,1.735,66.007,2.85588898826608,2.98060939385811,39.7264057276571,16.0367461484986,7.78241227923226
Ukraine,2019,3.19950386354134,7.88671745611133,8.194,73.92,84.48135621115,-0.557746010589576,14.8903574828309,41.2316912560049,18.7805334308224
Uruguay,2019,0.928351141267498,7.88198870879619,8.836,77.503,61.9644279466795,0.0786838170441181,14.1208503918774,27.9053695836796,17.2836793288606
United States,2019,2.58382533412825,1.81221007526021,3.669,78.7878048780488,87.8887100219727,0.515108555014533,21.8309630674538,11.8768712235892,14.1009184202812
Uzbekistan,2019,6.77992399655236,14.5257359560687,4.936,72.093,13.0316667432446,1.80974442927918,39.1565362701328,25.3501332976894,14.4693873139304
Viet Nam,2019,7.35926270105006,2.7958236745225,1.681,74.211,30.2241191864014,0.968366698803348,31.9799606565797,85.1575874073411,9.5788363682709
Samoa,2019,4.45185891688691,0.982326569888117,7.858,70.269,13.5792119039657,1.05329202031498,33.6506488929242,35.0333318895078,13.7720334091913
South Africa,2019,0.25993557687633,4.10285075461156,28.468,66.071,22.2442465104023,1.64957495527878,15.8207933783179,27.2021294051151,19.5800800398681
Africa Eastern and Southern,2020,-2.81757208724623,5.19162942092851,7.97430164130982,63.7664840026943,8.71187019348145,2.69951609745311,19.6988732723162,22.3221059306736,15.7826555852921
Afghanistan,2020,-2.35110067203466,5.60188791482224,11.71,61.454,10.85435962677,3.15360920291972,11.5,10.4208171386207,22.1092193573017
Albania,2020,-3.31375636888916,1.6208866171702,11.639,77.824,61.5853024328899,-1.54315589345436,26.2183472454095,22.5407585558933,13.6673304618118
United Arab Emirates,2020,-8.69342617885171,-2.07940317940943,4.294,81.936,54.9746998074699,-0.474850154644905,22.8266562576,98.0724675358339,14.8528181861846
Argentina,2020,-9.9004848136464,42.0150947376509,11.461,75.878,99.3697348717996,0.484665636741261,14.4151557410245,16.6054144372484,16.8730073837365
Armenia,2020,-7.19999999920631,1.21143577838464,18.175,73.3756097560976,52.3331534448642,-0.0337609726366775,19.663832943599,30.0766482474182,14.9686182373692
Australia,2020,-0.133531904304775,0.846900734607273,6.394,83.2,110.139221191406,1.23342825131378,22.3449300806534,23.9380373915413,21.8138607927779
Austria,2020,-6.31825509209936,1.38191063351853,5.201,81.1926829268293,88.7071990966797,0.415176731565556,25.6530737541266,51.6630899700616,21.1529340170726
Azerbaijan,2020,-4.19896065333343,2.75980947008127,7.24,70.312,36.3854742250215,0.684365325388407,23.6659543305763,35.6235558660257,16.2189420775689
Belgium,2020,-4.7929839083518,0.740791812220343,5.545,80.6951219512195,79.4996032714844,0.430996815099722,24.068567845367,79.1968705613294,24.3008045914304
Benin,2020,3.84879240030133,3.02272119663759,1.518,60.154,10.3808002471924,2.66259875153288,25.6338435081567,19.8724704276524,11.3993621464496
Burkina Faso,2020,2.01077262406221,1.88470066518847,4.59,60.454,7.64277062242324,2.43522959287393,17.1615174265995,31.7768656908663,19.7841401519952
Bangladesh,2020,3.44801755122445,5.69107474746211,5.539,71.421,22.6923019564501,0.836310836229073,31.3079413414304,10.4427880616037,5.97120729189186
Bulgaria,2020,-3.13323303076419,1.67244096855756,5.037,73.3560975609756,85.5331115722656,-1.00293821352921,20.1519208043409,56.4751229374987,19.3251141847366
Bahrain,2020,-5.9113629524152,-2.31770629331378,1.765,78.683,54.4077922369055,-0.781611308056263,37.2956671453326,70.4544358235096,16.5555426921807
Bosnia and Herzegovina,2020,-3.01509335460439,-1.05129600763489,15.868,76.04,43.8039207458496,-1.39008469041609,23.4676997821764,34.5918555020937,20.7503447462277
Belarus,2020,-0.672742918585868,5.5481435745651,4.049,72.1385609756098,79.900160036935,-0.42347525027949,27.4548359346196,61.0120971835577,16.9649774780792
Belize,2020,-13.5228997055506,0.121434644614893,10.763,71.58,25.9421694120047,1.28323598131052,18.4434323395975,37.6373221387979,17.2815933847204
Brazil,2020,-3.27675879612903,3.21176803803376,13.697,74.506,55.529109954834,0.579350709708032,16.1158206044059,16.4535520099709,20.1351530146558
Brunei Darussalam,2020,1.1335733495246,1.94031996607183,7.409,75.114,27.4692556634304,1.06148281648515,40.5878302733583,57.3561114159878,25.4309862541788
Bhutan,2020,-10.2183974208569,5.62936522632507,5.03,72.253,16.8650740250552,0.675256502719854,39.0705723574357,28.0656355144502,22.3153543493509
Botswana,2020,-8.72888243996397,1.8903591682421,21.017,67.643,22.4017870513653,1.4394103578493,32.7272598389392,31.2903662852227,36.1431463788663
Canada,2020,-5.03823343468899,0.716999632307827,9.657,81.53,75.2389068603516,1.08436897113225,22.6747176119532,29.4736472349344,22.7011077555498
Switzerland,2020,-2.14173712008038,-0.725874933313402,4.817,83.0,68.0676422119141,0.730676195047382,29.5787498388343,64.0955571587348,12.1264545910032
Chile,2020,-6.14347479224092,3.04549084804326,10.934,79.349,89.1124877929688,0.896491953505063,21.0582071011998,31.3303902428612,16.0263618695537
China,2020,2.34018843078414,2.41942189457782,5.0,78.019,61.6124675996947,0.238040870229883,42.5723735094229,18.2035821684822,17.6037978191606
Cote d'Ivoire,2020,0.699728593494228,2.41252617189052,2.588,60.14,10.2664091345849,2.53019803537112,21.7428934104601,20.9934684842997,11.3216044456757
Cameroon,2020,0.259932915907115,2.43760882182236,3.881,61.674,15.5519566247682,2.7244863481235,17.6605439792144,15.2357369814791,12.2819316968054
Colombia,2020,-7.18591413760859,2.52663500084706,15.983,74.757,55.7331085205078,1.43632167326968,19.1281469366662,13.5222755593302,17.15883586003
Cyprus,2020,-3.22063018637567,-0.638422797978958,7.755,81.23,102.390762329102,1.20329712567783,20.6447561187859,79.647252717685,19.2034035770133
Czechia,2020,-5.30487955463876,3.1612952849781,2.55,78.2268292682927,67.1843719482422,0.243222682211879,24.7302051809802,67.7609732344735,21.3198902324822
Germany,2020,-4.13191443239947,0.144877925813981,3.881,81.0414634146342,72.3894195556641,0.0816931586494595,21.7290304632077,39.1198068808828,21.7243937497102
Denmark,2020,-1.78010601831291,0.420711974110024,5.644,81.6024390243903,82.6643295288086,0.291641177476633,22.7626532555055,55.0368973244514,24.6799875258246
Dominican Republic,2020,-7.92905234231061,3.78103179915516,6.126,72.636,58.7264105314523,1.04334076460591,24.879515915457,18.7972072415048,12.0062907437446
Algeria,2020,-4.99999999908597,2.41513094083413,14.08,73.257,53.3752192208988,1.71191216459393,42.9493576825015,15.5352011116191,19.8031597171656
Ecuador,2020,-9.24509619165865,-0.338872392562139,6.116,72.004,56.9066311483682,1.18125258230486,17.5849129748726,23.2835621642424,16.3225877996763
"Egypt, Arab Rep.",2020,3.55016483786838,5.04493288977538,7.974,69.79,38.773998260498,1.62495386951696,18.8180606572831,12.4727757370868,7.5399018301206
Spain,2020,-10.9400706350371,-0.322753017299739,15.532,82.2317073170732,91.59912109375,0.510010189620998,20.6266482703898,30.4810248544563,21.8157054375876
Estonia,2020,-2.88380751483778,-0.444531097679829,6.956,78.5951219512195,72.0443572998047,0.197559185177642,29.6538687688692,68.1545534058676,20.5086892203171
Finland,2020,-2.49103605535707,0.290554555653239,7.759,81.9317073170732,96.4726333618164,0.143641197212847,24.9836073895773,36.2143434283611,24.4205476612504
France,2020,-7.44064589948231,0.476498852725065,8.009,82.1756097560976,68.8709411621094,0.324557781035362,22.8044182138435,28.5572228192655,24.8398357365701
United Kingdom,2020,-10.047896637362,0.989486703772491,4.472,80.331756097561,69.4076614379883,0.169447088341033,18.2807146353402,29.9486520576829,22.3849730788057
Georgia,2020,-6.2904717853839,5.2024648897534,11.734,73.509,71.8064531290391,0.0686562494680967,24.6056865974412,36.9003241679889,14.6114698025668
Ghana,2020,0.513941670628171,9.88728956269944,3.178,64.309,18.6139938594155,1.99181985149439,18.2236669857819,31.5254204867115,7.83341015600264
Greece,2020,-9.19623149726978,-1.24798355581405,15.899,81.2878048780488,143.693344116211,-0.214592106571664,13.5410023084822,31.4504324884115,22.7274940590434
"Hong Kong SAR, China",2020,-6.54480412699255,0.2509620210808,5.808,85.4963414634146,89.9479038224414,-0.358932661902885,18.9818868649406,176.304482446886,12.7458289934984
Croatia,2020,-8.31086401501189,0.154811374562106,7.389,77.5243902439024,74.738037109375,-0.894863743984583,23.5443662718786,41.2803181137203,24.8876066017549
Hungary,2020,-4.33872540024058,3.32674385766738,4.248,75.419512195122,56.6071815490723,-0.252049642963059,27.4644940725212,78.0879317443048,21.1998844610097
Indonesia,2020,-2.06551182934165,1.91983527270793,4.255,68.817,38.1650601406923,0.849801187379341,32.3434120537481,17.3311682848923,9.65575053126545
India,2020,-5.77772470686801,6.62343677628535,7.859,70.156,29.8196397708424,0.973438646910149,28.9223840080659,18.6824769296756,11.6124524106018
Ireland,2020,7.15369505735335,-0.326183651280033,5.623,82.4560975609756,74.1961975097656,1.26378913010119,42.5912041670915,139.811889906845,12.6225400090635
"Iran, Islamic Rep.",2020,4.44180865358672,30.5941390387295,9.687,74.141,55.6366691589355,0.768757498195729,47.9209340647566,18.3903748639131,13.701007548158
Iceland,2020,-6.64587816297836,2.84792401518665,5.478,83.0634146341463,74.5906066894531,1.6230862512591,21.046340093825,34.1387322744214,27.5550125083192
Israel,2020,-2.02161548237589,-0.575254620897756,4.169,82.6487804878049,57.633861541748,1.76367939210866,24.6898161307496,27.1722994385229,23.3727199721885
Italy,2020,-8.86822122185345,-0.13770757391651,9.192,82.1951219512195,68.7231063842773,-0.487095091717782,17.8986868297166,28.7258551870199,20.5680570300128
Jordan,2020,-1.10275188309046,0.333294350628378,19.213,75.583,30.2879665605319,1.79543228239066,21.4585413761158,23.899941960737,16.549956438323
Japan,2020,-4.16876457146743,-0.024995834027731,2.809,84.56,62.2987403869629,-0.294194617750067,25.2240172261075,15.5331828643222,20.9756766472836
Kazakhstan,2020,-2.49999999628,6.71815454861458,4.89,71.195,62.2921373672319,1.4089156380377,28.8069153648376,30.5289067989681,12.742044005777
Kyrgyz Republic,2020,-7.14897757727955,6.32542296338078,5.945,71.8,45.3327840830343,2.04838545399769,25.0304913984711,29.5818778074207,18.372283013954
Cambodia,2020,-3.55572193406549,2.9402951426397,0.172,70.059,13.8767573747135,1.47062988552696,31.351227539335,59.9217979409609,5.42216584441989
"Korea, Rep.",2020,-0.700242317542106,0.537288023411737,3.931,83.4268292682927,96.8767700195312,0.137869266247028,31.5248657192138,34.6152001987888,16.9828462110022
Kuwait,2020,-4.81731593381585,2.101729548274,3.489,78.7609756097561,53.731878917367,-0.951064116715736,18.6506487501557,43.7131472290911,30.1778042041291
Lebanon,2020,-21.3998996914321,84.8643330472041,13.252,76.299,51.5677337643942,-1.60386258157574,8.09817736631194,16.3725868676481,9.13975488671309
Sri Lanka,2020,-4.62451503749502,6.15394508391738,5.364,76.928,20.1614879343022,0.530626559530355,32.8711231474519,15.4576399173458,10.3979083372906
Lithuania,2020,0.0428158336981426,1.19989444983569,8.487,75.0292682926829,73.5892868041992,-0.0256161303326233,16.5198227850463,72.4346855034597,18.3605454231444
Luxembourg,2020,-0.510051634039826,0.819957302127036,6.766,82.1439024390244,19.961389541626,1.66635867423273,17.9294900539992,204.436962289215,18.4796236594474
Latvia,2020,-3.46922750780554,0.219064904841985,8.098,75.1853658536585,94.5108337402344,-0.701211570733301,22.1554259223647,62.6592422617585,20.8896933172828
"Macao SAR, China",2020,-54.4020925789353,0.811410511491512,2.542,84.1292682926829,86.7956730769231,1.9744268917359,26.1685250836783,61.6649501891426,25.9273930007328
Morocco,2020,-7.17820744246774,0.705968661338261,11.189,73.133,39.6858047574445,1.02565486360782,28.7769734233308,30.7941069539783,19.4049859563358
Moldova,2020,-8.27597831976949,3.76597122245351,1.206,69.914,56.2498196612517,-1.09803165876287,23.8644443526077,27.9143362637536,17.1942044345322
Madagascar,2020,-7.13767162064489,4.20179312190557,3.292,62.706,5.17336117275841,2.56778870397591,17.7153251099228,20.1420748833617,18.7239712521771
Maldives,2020,-32.9088287752921,-1.36977425569811,5.42,78.713,27.0805812417437,2.90711274683574,35.5119966004124,48.2411996300086,22.9707228266051
Mexico,2020,-8.35403458167995,3.39683415570006,4.44,70.449,45.1654510498047,0.820454117563552,20.2366593506907,39.2353720904115,12.1968302781894
North Macedonia,2020,-4.68845000956652,1.20007348888469,16.575,74.3951219512195,43.782169342041,-1.07910572041332,29.9173738943342,57.771485775759,16.7387341620846
Malta,2020,-3.45728276294712,0.638544956776712,4.856,82.0975609756098,61.4767112731934,2.2716254974907,20.1169020286086,129.954117859487,19.6916334859235
Montenegro,2020,-14.9926187023533,-0.255655699848551,17.878,75.9317073170732,58.0944709777832,-0.0260104378320954,30.0875172767022,26.2522009723037,23.6719174909554
Mongolia,2020,-4.55775197583431,3.7237230614026,6.413,71.3490243902439,66.2557467107749,1.80542008661223,22.3835976647751,57.6603497340995,15.8102434127387
Mauritania,2020,-0.360657384151068,2.3856948845632,11.051,66.794,5.97194330025359,2.92092559048913,38.6593231676652,41.406104283545,12.2964872619914
Mauritius,2020,-14.5465381490166,2.5808007718283,8.626,74.1770731707317,42.5378418595105,0.0022906802096937,17.9660771142475,55.3610157089461,17.3284024513779
Malawi,2020,0.793596429787286,8.62551469650552,5.72,65.216,2.40217380732134,2.63573735113183,16.7106351396417,11.0047537224484,20.9426048830886
Malaysia,2020,-5.45684658426701,-1.1387021539305,4.54,76.057,39.7445667367633,1.33363323143911,19.6580082281542,61.5779359054349,12.9622736088155
Namibia,2020,-8.10140201443319,2.20938236933469,21.003,64.071,25.9870484145026,2.91019887709682,13.9292034235476,33.6778689517423,26.4760046729225
Netherlands,2020,-3.86795333823223,1.27246037789161,3.82,81.3585365853659,85.3370819091797,0.55554079025497,21.3519779830807,81.2415259478997,25.419278032195
Norway,2020,-1.27817177234034,1.28658490707996,4.424,83.209756097561,87.1685333251953,0.588757324043059,31.3521157276673,32.2103377797679,26.1340574738378
Nepal,2020,-2.3696206292072,5.05635826238499,13.037,69.106,14.2002391888535,1.92583106605859,30.4402815098213,6.80529835464112,9.06773207203869
New Zealand,2020,-0.307246896026541,1.71456170007245,4.595,82.2560975609756,75.7348327636719,2.03338779187545,23.1117429315929,21.6971482843436,20.4371940676521
Oman,2020,-3.37972052697999,-0.40640291946585,2.94,77.763,48.3754397440909,-1.50860829621662,27.6206693345028,47.0548733691481,26.0658781931806
Pakistan,2020,-1.27408744338709,9.74011619320125,5.994,65.701,11.7245978752314,1.80375141301202,14.8155399944077,9.29855944234725,11.7888005549132
Panama,2020,-17.8212299459324,-1.5502754080376,14.663,76.33,44.9372948646286,1.37340966978709,23.9546077936228,36.2690881640488,14.7376302795166
Philippines,2020,-9.51829474045297,2.3931623931624,2.522,70.097,31.6317598507085,1.1455140860985,17.4333790282876,25.2028393102032,15.2614545873485
Poland,2020,-2.03556882399977,3.37446972618589,3.155,76.4,70.9730377197266,-1.19164026205913,18.8394051569485,52.4338855199248,18.8371621590167
Portugal,2020,-8.20463159324387,-0.0124383299575305,6.85,81.3292682926829,68.1568908691406,0.10511412524675,19.4185791809348,37.2560151344529,18.9224290644649
West Bank and Gaza,2020,-11.3184661065134,-0.735332001092191,25.895,74.998,45.3895360497376,2.48654993848325,24.3038431079663,15.3576234410914,23.4333653109447
Qatar,2020,-3.55750284254954,-2.5403150300476,0.14,80.409,23.7649212314763,5.72571544841687,43.8491508547382,49.1188186996108,21.9553255158297
Romania,2020,-3.59802546034757,2.63107311184743,5.035,74.2536585365854,53.4911117553711,-0.550759892541776,24.3319634913981,36.9711409958175,18.8744011544391
Russian Federation,2020,-2.65365450102773,3.38219796948068,5.62,71.3387804878049,57.2232854739754,-0.143202031827637,23.4558291480158,25.5221855113549,19.9710007886076
Rwanda,2020,-3.37368746369782,9.85039902274207,11.829,66.953,7.56709586345553,2.24244883430144,23.7346563348968,19.3259418342726,16.383453875618
Saudi Arabia,2020,-3.80478901996312,3.37234961012303,7.66,77.596,73.7510866368859,4.833138517103,23.3158218039549,23.8098115262185,27.3711142062152
Senegal,2020,1.3420737726679,2.54314685681662,3.432,67.496,13.3136624860931,2.63303572524896,35.632965093467,20.7005528555706,14.2802395565824
Singapore,2020,-3.81470885510713,-0.172111865925382,4.1,83.5439024390244,93.134767179468,-0.311904961250833,22.8053955630909,181.782024531778,12.2619659464446
El Salvador,2020,-7.893101359867,-0.371590212324095,5.008,70.244,30.9986370324013,0.198362574897496,17.2116179042815,24.5267982788944,19.6968523573714
Serbia,2020,-0.950023991851594,1.57553290083415,9.011,74.4780487804878,68.1431121826172,-0.666107601320794,24.0974936172696,46.1050875935238,19.3837021106122
Slovak Republic,2020,-2.58551241733207,1.93694126694223,6.719,76.8658536585366,48.3790016174316,0.0857694756149868,20.2268098788151,84.2983434485345,20.7560453692276
Slovenia,2020,-4.08500094942896,-0.05485681576061,4.971,80.5317073170732,75.8166809082031,0.669754656164979,20.1896719461532,78.2717999916943,20.7447344651164
Sweden,2020,-1.93379704032216,0.497367318853572,8.291,82.3560975609756,79.1196365356445,0.722703912882934,24.4207542408468,44.2873771533388,26.5741578401929
Chad,2020,-0.393646583111035,4.46414437232861,1.695,53.082,4.39665967267065,3.18197036099619,22.7874455493419,21.286846433583,9.63713677698176
Togo,2020,2.16228657424364,1.69928463299399,2.231,61.14,14.9029897765252,2.41247393684318,19.8105297114895,23.0702588042531,13.6268683907906
Thailand,2020,-6.05003846851622,-0.845937147357041,1.099,77.331,42.5900878816865,0.166540794566251,23.7553851722696,51.4944266088919,17.7948874074302
Tonga,2020,1.80618735341196,-0.349737696727496,2.712,72.379,21.2782986508118,0.0331168127621577,24.5728729162426,19.7051224096685,22.1054859867712
Tunisia,2020,-8.97512622934723,5.63415115897625,17.651,75.004,32.5181999206543,0.830022185577052,12.6882289097848,37.9918009809033,21.6353520147345
Turkiye,2020,1.80306247087255,12.2789574462574,13.148,76.525,118.883682250977,0.970386031353162,34.1540560799477,28.7400043468285,15.0319947560781
Tanzania,2020,1.99196460647855,3.29029062798325,1.792,66.771,7.18188265775187,2.99305168844906,38.7464874924603,13.5038738462361,7.69958423897104
Ukraine,2020,-3.75281793983162,2.73249209419427,9.475,73.283,82.1345992180731,-0.619037730087783,8.93229932738453,38.8216462901934,19.2950967142315
Uruguay,2020,-7.35732706484723,9.75640636078194,10.413,78.381,64.9332150107214,0.0518527053450753,16.2336764872534,26.188280623321,18.0526209986761
United States,2020,-2.16302914036166,1.23358439630629,8.055,76.9804878048781,87.5676574707031,0.408427566758519,21.7174460747964,10.2141055302392,15.0912418134706
Uzbekistan,2020,1.56334277260515,12.8677297362606,5.293,71.461,15.9720957084892,1.86830671569358,37.5933580339099,21.9154164873001,14.6422818278123
Samoa,2020,-3.10864485863991,-1.56891247740895,7.467,70.727,17.3303454643177,1.0262726301153,33.1905048673993,29.196412915403,14.643347623337
South Africa,2020,-6.1689177146757,3.23238831615113,29.217,65.15,22.6148742572009,1.62216431400652,12.3455441478462,27.5759141603963,20.6203398698938
Africa Eastern and Southern,2021,4.57877206871177,6.82472709282067,8.40741154700022,62.9799991857494,8.66186046600342,2.6494391643563,19.656775067568,25.8519122614352,15.1258255866986
Albania,2021,8.96957619074095,2.04147163139544,11.474,76.844,59.9698690125562,-1.54312080996395,28.6722669213413,31.1330562572669,12.9573410290912
United Arab Emirates,2021,4.55278571242283,0.179935336174431,3.105,79.083,56.4520334436146,1.83513009029147,25.3830049451598,100.642574267637,14.3597204102575
Argentina,2021,10.4418119882506,48.4093786255199,8.736,73.948,107.219557633976,0.265879395046274,18.0762892471421,18.0667091690365,15.9158179423023
Armenia,2021,5.80000000065645,7.1848362944337,15.469,72.2780487804878,56.6235144830279,0.0270096898904032,22.9638762261581,35.6688923952932,13.649850256969
Australia,2021,2.00694844335034,2.86391284709318,5.022,83.3,112.688293457031,0.14089508329287,22.8801883097412,22.0018144228925,22.3669467050339
Austria,2021,4.92309171717903,2.7666666666667,6.459,81.190243902439,93.940071105957,0.435671684056384,27.6569430631097,55.9539450675875,21.7317961073693
Azerbaijan,2021,5.61644027150554,6.65029912708778,6.04,70.999,39.0095977224788,0.441197735816311,17.0785981597198,46.4887471674792,13.867442319577
Belgium,2021,6.25445686466593,2.44024851144084,6.248,81.790243902439,82.6882019042969,0.411601996532257,24.4470278661753,89.6253551052155,23.8396339313803
Benin,2021,7.1554516457574,1.73353962694035,1.833,59.61,9.82796955108643,2.59230167510348,28.8506183177663,20.9188061754733,10.075964534303
Burkina Faso,2021,6.94252492572348,3.65326761825508,4.511,60.046,9.30513098594236,2.37649218888363,15.5079014507343,32.797073516181,20.2479804523801
Bangladesh,2021,6.93867912442445,5.54565430773473,5.457,71.103,23.9006822335243,0.814977993693211,31.0187387357172,10.6627789004134,5.88274868783073
Bulgaria,2021,7.82817232822165,3.29774435299506,5.166,71.2121951219512,85.3017501831055,-0.664652622488209,20.7058919426646,61.8496057085399,18.8942579133309
Bahrain,2021,4.35004091668986,-0.60631938514085,1.548,78.083,47.5015525503536,2.16102845934147,28.0921527332781,86.2742186726683,15.2083548234166
Bosnia and Herzegovina,2021,7.39164256472846,1.98163900587622,14.897,74.567,45.0589485168457,-1.66384860150923,26.2530245363466,42.8225929673139,19.4015209289746
Belarus,2021,2.43886210234947,9.46028389623105,3.9,72.0714634146342,78.6027133367864,-0.82823272086807,24.3807348526394,70.8317550415821,16.8160720040254
Belize,2021,17.9899244143607,3.2356365923707,10.302,70.917,23.6813942822198,1.1534704907648,21.675393036644,47.5814821772776,16.6281627579605
Brazil,2021,4.7626043797061,8.30165975585673,13.158,73.038,57.6311988830566,0.425360907216456,19.521885020934,19.1094303686964,18.5475883604547
Brunei Darussalam,2021,-1.59076260099606,1.73341388450593,4.905,74.869,27.4258937503291,0.96027430523198,31.2725676396553,80.1689108084537,22.4670591025892
Bhutan,2021,4.42136738945015,7.3468144053353,4.803,72.448,14.7382447141292,0.703488233671584,44.3885960181084,29.1987406924537,22.6722251193985
Botswana,2021,11.9162724376008,7.24097765588442,23.106,63.303,21.2032904951187,1.49130106425067,27.3637239028603,41.9125521600302,31.5305263637302
Canada,2021,5.95052802804381,3.39519318527527,7.527,81.4514634146342,79.7657318115234,0.553902422386893,24.3050554969726,31.1750782983294,21.2842897783513
Switzerland,2021,5.55962020605844,0.581814168489855,5.013,83.7512195121951,71.893928527832,0.765501039496593,26.1555657203382,71.1192329157335,11.9159806875632
Chile,2021,11.3149204879049,4.52456838259143,9.281,78.876,96.2227935791016,0.441498091207504,24.1061176490995,31.9927952679237,14.7373122384899
China,2021,8.57008513166322,0.981015135544881,4.55,78.117,66.8186077597542,0.0892522000412526,42.6822612949312,19.5262422245091,16.3512045683208
Cote d'Ivoire,2021,7.06332910205232,4.15919657911797,2.623,60.29,10.7725833415282,2.47398737434864,23.5753170688856,22.2962678369402,9.96265946726249
Cameroon,2021,3.33885747179505,2.27185762503637,3.976,61.146,17.1581831920239,2.65496076580698,18.1266921736343,16.5088840367781,12.0432363133751
Colombia,2021,10.8011981904878,3.49505757399448,13.898,72.698,58.3159217834473,1.09642825395961,18.9169518896828,16.1970059548864,16.04633106217
Cyprus,2021,11.3975590801512,2.44608867175474,7.513,80.573,106.362930297852,1.1499785451605,19.6456822415145,90.7578331633624,18.7839611599537
Czechia,2021,4.02901832055149,3.83984491500146,2.803,77.2219512195122,69.8369293212891,-1.81187141002542,28.1285338444502,70.550045142844,20.7709874590881
Germany,2021,3.90999994204108,3.06666666666673,3.594,80.790243902439,75.6655426025391,0.0423270572552137,22.6730557200041,42.5198379291429,21.6396095960721
Denmark,2021,6.50025445756295,1.85304543989689,5.065,81.4048780487805,83.982292175293,0.433414489409722,23.9587122773163,59.2073478715957,23.9787227305152
Dominican Republic,2021,14.0124289062207,8.24300347981809,7.702,71.757,56.4690832383051,1.04082961778304,30.2749635460096,21.5282997986043,10.4769394644063
Algeria,2021,3.79999999900707,7.22606307415477,13.656,75.208,54.2222597146723,1.61936460233826,39.146266285101,23.4443672905951,18.4286289389909
"Egypt, Arab Rep.",2021,3.29064601202211,5.21404940513042,7.441,68.976,35.1185317783157,1.4908053906311,18.2122435502994,10.5611502153652,7.55804355330102
Spain,2021,6.68314420473001,3.09313511976419,14.914,83.1780487804878,95.3768997192383,0.178046695121711,21.8740337716536,33.7570843255301,21.0051364901244
Estonia,2021,8.25488044580031,4.65316673847472,6.178,76.9439024390244,73.1502075195312,0.105996956310127,30.947849595367,79.6159088233408,19.8175308273567
Finland,2021,2.67634641498897,2.19457432340007,7.617,81.8853658536585,100.868072509766,0.207288594407348,24.7881526265858,39.9217732469328,24.7953884002508
France,2021,6.88233783360239,1.64233141038393,7.871,82.3243902439024,69.9397888183594,0.356902332389048,23.4474845782806,31.2880499332105,24.3515984176563
United Kingdom,2021,8.5431118453255,2.51837109614213,4.864,80.6473170731707,76.7543563842773,0.358937930235741,18.8987416108827,29.2894071087705,21.9023771103032
Georgia,2021,10.6442336580969,9.56691433824769,11.785,71.635,77.2303110681266,-0.379636607027231,20.6788502074962,42.6743612080891,14.1266594756604
Ghana,2021,5.07646643533542,9.9710886750444,3.2,64.286,19.2005186528071,1.95904584379494,17.0366779158262,30.0551194696231,8.00565308777829
Greece,2021,8.65449786002131,1.22382501019854,14.656,80.0829268292683,150.605484008789,-1.21680248998544,17.48296657419,40.260408549747,21.4974385558012
"Hong Kong SAR, China",2021,6.45444409087024,1.56875834445922,5.174,85.5326829268293,97.3813269493844,-0.91177674914823,16.776482902733,204.014263732608,12.6776298103225
Croatia,2021,12.6322190351024,2.55450699642041,7.483,76.4243902439025,78.0067901611328,-0.904000889163613,21.7930527803339,49.78694322358,23.0732257039235
Hungary,2021,7.22291580811137,5.11096534382855,4.021,74.0658536585366,58.6536102294922,-0.409163639262836,30.9364017933183,79.4114343821378,20.7647214478007
Indonesia,2021,3.70288562827751,1.56007882983334,3.827,67.452,40.6293239880732,0.704601321926319,31.4488724858485,21.4165556390653,9.24694161503832
India,2021,9.68959249192875,5.13140747176369,6.38,67.282,31.5741765984501,0.822648220128724,32.1158221755014,21.3991583305515,10.4763782400684
Ireland,2021,16.2581881158197,2.34034113447044,6.357,82.2536585365854,78.4613265991211,1.39579966615221,23.031901720559,136.397670222851,11.7054714853037
"Iran, Islamic Rep.",2021,4.13089685034471,43.3890162681514,9.282,73.752,54.3051986694336,0.831029236943935,41.493032546299,22.0192078360416,14.0761964637181
Iceland,2021,5.1805719742238,4.44423970189739,6.029,83.1658536585366,86.5232086181641,1.6393166402584,22.8196745543488,37.3649519241173,26.9118122871775
Israel,2021,9.38837403354628,1.47965474722561,4.812,82.5,60.2585487365723,1.68190551747412,25.8836407282582,28.8234046153015,22.1207775122752
Italy,2021,8.93106210800055,1.87378325762481,9.497,82.6463414634146,71.2745208740234,-0.515599998844444,22.0011382315208,31.1716088630092,19.1946040488087
Jordan,2021,3.65564358999147,1.34609377243118,19.837,74.204,30.451314266821,1.83419162693059,25.1777968181063,29.958414256479,15.8410812024988
Japan,2021,2.69657404187188,-0.233352779398264,2.808,84.4456097560976,62.0412483215332,-0.459952415807642,25.824730869587,18.1091919388618,21.2457665716874
Kazakhstan,2021,4.29999999729456,8.04147134028401,5.568,70.131,59.3849415869809,1.33325722721198,26.5334355873452,33.6448621241624,11.2703470377122
Kyrgyz Republic,2021,5.50700762671923,11.9050398185147,5.149,71.9,51.6239256637785,1.83581016918265,26.4936655518147,35.8055898779632,16.6329417875076
Cambodia,2021,3.08984284148661,2.92073477592949,0.396,69.301,13.5005634857238,1.47677836241244,30.3788112661952,72.3610346435508,6.56578640454773
"Korea, Rep.",2021,4.61296795454287,2.49833333333339,3.639,83.5268292682927,100.359878540039,-0.128757315474928,32.4929253527445,39.3388192669479,17.0244387167472
Kuwait,2021,1.67213054307859,3.42362947609188,2.97,78.7365853658537,51.8967176944636,-0.899478872255975,14.4676047488909,51.7263630655345,25.3912150628385
Lebanon,2021,-7.00123862514116,154.756096023393,12.715,73.65,56.8657861418168,0.275364167930295,5.35948434334897,26.0256276927137,2.36013682064937
Sri Lanka,2021,4.2074764951157,7.01478071238195,4.981,76.278,20.7824292013914,1.07544995696428,36.7330983742473,16.9214215895555,9.45146674010959
Lithuania,2021,6.38001606179873,4.68354420903453,7.112,74.0365853658537,75.0314712524414,-0.070798680741267,21.8350067084027,79.6299385130419,17.497494956833
Luxembourg,2021,6.9297342584233,2.52692009066166,5.571,82.5975609756098,20.7341499328613,1.51834936706612,18.6878759943301,215.618162988769,17.3096066828169
Latvia,2021,6.94254173062592,3.27582937431165,7.513,72.9804878048781,93.4839324951172,-0.843294678005026,25.7228281732445,66.8112769573847,21.7309999551168
"Macao SAR, China",2021,22.4622020023362,0.0264543647055504,2.221,83.7292682926829,98.9696202531646,-0.424008238139362,23.0842314294918,91.8949115359993,21.3854942689028
Morocco,2021,8.15473889823681,1.40195883962006,10.551,73.385,42.531967383806,1.00691847923959,30.6763551818437,33.1360849405787,18.9738383456202
Moldova,2021,13.9299997889786,5.10641129002835,0.794,68.991,61.3014036981023,-1.50342952349937,26.8561258664432,30.6487877126898,16.7622739221644
Madagascar,2021,4.65068343174309,5.81225118787715,3.498,62.516,5.3135678666922,2.51537360931706,16.3892313120054,23.091632100144,17.4535706647599
Maldives,2021,37.507870124321,0.543149688737013,5.016,78.052,23.794640430505,2.75700187362712,25.1856622862565,76.0989851624572,18.6831087463756
Mexico,2021,6.0484834621255,5.68920847683753,4.019,69.75,45.6506195068359,0.66740537533078,21.7074939343756,40.5691932010194,11.4047335559142
North Macedonia,2021,4.51067949038222,3.23074912132928,15.801,73.2463414634146,44.3020210266113,-1.02945804668594,32.2207980039619,65.4438648561578,15.8306657801479
Malta,2021,13.4117042939322,1.49789217934724,3.754,82.2585365853659,70.2313537597656,0.51468710034629,23.068727489021,118.755563680567,18.3293036689112
Montenegro,2021,13.0462607426359,2.41080198403165,16.543,73.8243902439024,57.9613914489746,-0.245597310506825,25.4685729632185,43.1193682105877,20.0437704035034
Mongolia,2021,1.63676957736662,7.35894657888155,7.871,71.6451219512195,67.4261046440448,1.684959051396,36.7190295728399,58.5488639540916,14.9127365231555
Mauritius,2021,3.40379866177662,4.02852888157376,7.719,73.680243902439,43.9577226373808,0.0252729878913446,19.5586402172747,60.7673543178385,17.0280343743035
Malawi,2021,4.55829212016083,9.33014410835212,5.652,64.782,2.39798041885226,2.59415828794597,16.915576065163,12.7119564156437,20.8345990770463
Malaysia,2021,3.31534954399166,2.47710241465447,4.64,73.917,38.1899993008367,1.15251304394292,22.1257083996672,70.6330555493337,12.6368812579757
Namibia,2021,3.60382919248703,3.61690530108814,20.931,60.85,26.6057345682932,2.95314556354467,17.5126568387859,31.9564108832988,25.052912407333
Netherlands,2021,6.2768306708326,2.67572008805385,4.209,81.309756097561,89.3898620605469,0.523490508168757,22.1938197521171,86.4500028041052,25.1515899276541
Norway,2021,3.90868676830634,3.48388055266669,4.359,83.1634146341463,93.9243011474609,0.534772281874925,25.0880506650083,43.0363019206366,22.4493406578412
Nepal,2021,4.838149614115,4.12676744440695,12.241,68.385,15.243139284484,1.74002411752275,35.1635974644693,5.11917148492798,8.25401086967028
New Zealand,2021,4.53540565716095,3.94112060778728,3.776,82.2073170731707,79.4128875732422,0.240228529431089,25.1120938859399,22.3098859845046,21.0705871213176
Oman,2021,2.5821749892893,1.68221185876085,1.9,75.969,43.8433613964625,-0.489266037731458,27.8559089826066,53.329759351918,22.1420061949011
Pakistan,2021,6.51388575852702,9.49641577285205,6.338,65.773,12.3810012807012,1.8867779716011,14.5346921503021,9.05159988878188,10.9295676776143
Panama,2021,16.4671248604202,1.63070337301898,10.177,77.004,52.7147829654218,1.20723809203153,31.2989342828485,41.6067040108244,13.7437085434751
Philippines,2021,5.71473313185116,3.92718022100332,3.398,66.675,33.6166173848126,0.905660310915421,21.1407371483135,25.7520349160187,15.5791947083897
Poland,2021,6.92718266052501,5.05502704719272,3.268,75.3512195121951,72.2060623168945,-1.4341408496549,21.8106734577786,57.0379760723016,18.523151073936
Portugal,2021,5.55875672070374,1.26565719069044,6.712,81.3780487804878,72.5122375488281,0.626850165433157,20.9347674224953,41.5484271843512,18.6558096632307
West Bank and Gaza,2021,7.01198227592003,1.23748102831369,26.39,73.89,44.2081176768623,2.45703865277568,25.4514329891214,17.3411011099453,23.7992158595174
Qatar,2021,1.62693587314129,2.30446565742003,0.14,81.083,31.2813974439236,-10.9274424335586,36.8015347930758,58.7259734800718,16.6489324467882
Romania,2021,5.58735072538869,5.05232876096582,5.59,72.809756097561,55.2656097412109,-0.746036478523061,26.4231138988583,40.6943872735548,17.8062190423497
Russian Federation,2021,5.86649177292595,6.69445891957612,4.749,69.900243902439,54.9542479280814,-0.343724409889771,23.0093392226061,30.0024195364041,17.2518644108863
Saudi Arabia,2021,6.51959698325419,3.06328988941548,6.621,77.089,74.3924865722656,-2.46456261487283,26.3426467287873,29.1556614026837,21.6735834858218
Senegal,2021,6.54400109964304,2.18032278088147,3.436,66.868,14.6823561354842,2.53848919398481,38.3530133013182,24.6396021156771,15.1624726863083
Singapore,2021,9.7568044629903,2.31610315765146,4.64,83.0926829268293,97.0989103061521,-4.17033630017526,24.0192234940025,182.710806574886,10.6408439406424
El Salvador,2021,11.9047617015957,3.46692585313082,4.327,69.941,30.3043325211094,0.338002420196154,23.3549127263788,28.7814953892726,19.3467717333594
Serbia,2021,7.94905650472278,4.08510285335102,9.843,72.780487804878,69.1800231933594,-0.943688169512831,24.9450929619478,52.3404005216526,18.7648402743056
Slovak Republic,2021,5.6558588065555,3.14960629921268,6.894,74.6146341463415,50.7342491149902,-0.212358807611049,22.6863824228676,90.7618617591412,20.7965783704832
Slovenia,2021,8.41686457725321,1.91706506089259,4.744,80.6756097560976,82.2400436401367,0.268851969969908,21.7979271644933,83.6999417881902,20.8465487377028
Sweden,2021,5.2258643028773,2.16319736447143,8.803,83.0560975609756,85.9426193237305,0.600591532839468,25.2716067156906,47.4842370278491,25.9763998405245
Thailand,2021,1.55216608426647,1.23039541318384,1.215,77.606,43.4690405127808,0.119758274714782,28.6690364408067,58.5593891849287,18.2351747744466
Tunisia,2021,4.73603648206102,5.706350208307,16.632,72.893,33.2740287780762,0.620790374510459,15.8458804086219,41.7802023040094,20.8063272836741
Turkiye,2021,11.811094450607,19.5964926913324,11.969,75.722,125.763786315918,0.910444902564511,34.3761444701623,35.0536332850518,13.045605699142
Tanzania,2021,4.32138429480482,3.69091958802199,1.876,66.131,3.59164319762461,3.00113934816488,39.6866788606001,14.1200223265815,8.00508198452759
Ukraine,2021,3.44562065945944,9.36313917695223,9.834,71.631,75.9079435107907,-0.857231073467664,14.4674526848937,40.6883404768688,17.7421719075322
Uruguay,2021,5.84427312558179,7.74791402314762,9.328,75.434,75.1713873701582,-0.0668956092956434,18.1967631399395,32.944605201732,16.8274233316562
United States,2021,6.05505293244555,4.69785886363742,5.349,76.3292682926829,84.8550872802734,0.157317408951545,21.6682502425803,10.9604167715559,14.4381701420122
Uzbekistan,2021,8.03468312640049,10.8492397508122,5.364,71.681,22.0939011675309,1.9382099918182,37.6931748383509,21.3073855956297,14.9259640726969
Viet Nam,2021,2.55372852648131,1.83471554810444,2.383,74.145,41.9554971195048,0.868883560805873,32.8956023366901,93.8502071275575,9.58508554643739
Samoa,2021,-5.04350521486909,3.13320473174494,6.664,71.096,19.1409681560724,0.862068229419543,35.2314178501277,11.4709134293911,16.6216935851512
South Africa,2021,4.85864865060148,4.61874544887136,34.007,62.01,22.3431289991291,1.54055743832642,12.8355522251838,31.1916105051608,19.1219841764515
Albania,2022,4.8268006234359,6.72520271530059,10.785,78.769,62.647921513098,-1.54315667695786,26.8023654741294,37.1970755614977,12.1443449725759
United Arab Emirates,2022,7.51448425801082,5.29122604376849,2.872,80.487,60.4188226013954,5.08834153373914,26.058486930344,102.051988974133,12.4330650344039
Argentina,2022,6.02074537534855,72.430757531824,6.805,75.806,107.103901423423,0.210808731072658,17.3855861358427,16.2816677253254,15.7026090548718
Armenia,2022,12.5999999997766,8.64091108973854,13.451,74.7658536585366,57.1818422625098,0.2326562627468,22.2551321660516,51.5709203656497,11.6764818949578
Australia,2022,4.25304559238732,6.59409658717841,3.728,83.2,106.240760803223,1.28931130985537,23.6997957124432,25.4615298373659,22.0179536839799
Austria,2022,5.33096379400371,8.54686993188457,4.992,81.2951219512195,94.5116882324219,0.956287797076634,29.2367940014427,61.4273121186873,20.4896150467344
Azerbaijan,2022,4.71468033247649,13.8522590144267,5.65,74.125,41.0017793895325,0.039507866238038,12.0037141895326,59.9868480668076,11.6421479898517
Belgium,2022,3.9562379757933,9.597511728725,5.57,81.7487804878049,83.5736465454102,0.808165350001861,27.2864808356038,94.4213446744405,23.5865586358746
Benin,2022,6.25294705373625,1.35077863583527,1.685,60.475,10.2350101470947,2.54740926342667,31.1483716430973,20.8153300474458,10.0575798056106
Burkina Faso,2022,1.62673258211919,14.2902354303358,3.828,60.7,9.67069485831779,2.30907147387783,18.0585053758947,31.2180734191588,20.9839929953881
Bangladesh,2022,7.09982877575158,7.69695437176898,4.593,74.265,23.5005059888653,1.02423384746683,32.047275580905,12.8822264348985,5.69899955596024
Bulgaria,2022,4.0838640915123,15.3252589264367,4.148,74.1609756097561,84.1293563842773,-0.650676134087796,22.6875854555705,69.9794748927614,18.2797383544062
Bahrain,2022,6.18016125475185,3.62574104304482,1.265,80.992,50.3073760962771,1.34221960637543,24.5901868987674,95.9613654006004,13.6922335799518
Bosnia and Herzegovina,2022,4.22681333390325,14.0208440826771,12.657,76.777,45.6063499450684,-1.24363802761194,27.9026680250212,48.3071273410035,18.661917599169
Belarus,2022,-4.65839591328999,15.2096752740809,3.574,74.1033658536585,77.0977334087936,-0.804228426880244,21.5979064833979,63.0511868938428,17.2288777285138
Belize,2022,9.25051329530994,6.27689319447543,8.682,72.19,23.9767727412258,1.85124805102003,20.191917433134,52.5787874243921,15.8042476117203
Brazil,2022,3.01669435408112,9.28010608956872,9.231,74.872,61.0000915527344,0.360180890872169,18.0882204442791,19.6307650034838,18.4022127200972
Brunei Darussalam,2022,-1.62833154515108,3.68225030604215,5.191,72.917,31.1925368707703,0.804554269312164,25.8510429426901,86.3893568836847,20.124238185447
Bhutan,2022,5.21386783786224,5.6391667139637,5.947,72.754,14.5780698560857,0.703183917780367,55.7788292940378,25.4988399587876,21.0173313155104
Botswana,2022,5.48601706446772,11.665567478802,23.615,68.749,20.7095613715302,1.58848021878269,26.791517866856,43.5436117763611,27.8884041765419
Canada,2022,4.18903628100851,6.80280115341612,5.279,81.0948780487805,78.8488311767578,1.80390457488184,25.3186668256785,33.9431906669379,20.4184233971953
Switzerland,2022,3.04406102969423,2.83502798644451,4.122,83.6048780487805,74.1526794433594,0.829927183900371,24.8173430933187,76.1397677689787,11.2347528038153
Chile,2022,2.15399356192458,11.6438667110559,8.249,79.176,99.3372802734375,0.495789591494285,25.7984190064455,35.6066282723137,14.7249541091785
China,2022,3.1341888719577,1.9735755573905,4.98,78.202,71.5799465086024,-0.0130995013525784,42.3554333470499,20.2977316914005,16.6626986358672
Cote d'Ivoire,2022,6.39988362720531,5.23352856100842,2.31,61.562,11.1134926507622,2.51622934953513,27.4853115364793,24.2673603262295,9.46903676410753
Cameroon,2022,3.7367840056412,6.24767713343861,3.646,62.443,16.4371527754335,2.62905090961273,19.1074398091244,19.321813317909,10.5075554912877
Colombia,2022,7.32827729427979,10.1772313546166,10.541,76.508,59.2901382446289,1.06829295530618,19.7872446007318,20.3883679938331,14.0050262426423
Cyprus,2022,8.27372597293814,8.39548297993334,6.806,80.434,105.384979248047,1.06174678712373,20.5950576006752,104.66609337928,17.9936859679305
Czechia,2022,2.8471706583814,15.100165146837,2.224,78.9292682926829,70.8145904541016,1.5709725672011,31.0333010301464,72.4094281428088,19.4414735473211
Germany,2022,1.8092581243061,6.87257438551096,3.137,80.6080487804878,77.3656997680664,-0.0219565701848977,23.2760146288029,45.6284043425185,21.3296017686915
Denmark,2022,0.443832614908331,7.69656699889259,4.434,81.3048780487805,84.5866088867188,0.787502464739957,24.7772032902353,70.7552148776405,21.7803158451184
Dominican Republic,2022,5.23795652902595,8.81109209279587,5.504,74.211,55.1665311527454,0.959629735113671,30.6705570734763,22.0261866198241,10.9578295683435
Algeria,2022,3.60000000094915,9.26551551551552,12.382,76.129,53.3875786756,1.58758210690673,35.0979536992694,30.7915561763341,16.5400734153236
Ecuador,2022,5.86842354862311,3.46616972213076,3.713,76.577,59.879782344866,0.796723652034201,22.4059052025305,30.9252456928287,13.5357543693328
"Egypt, Arab Rep.",2022,6.58784560886967,13.8956609775177,6.546,71.01,36.462230682373,1.48609697540294,19.8559132929551,15.0870258208479,7.26809053235575
Spain,2022,6.37031712129601,8.39057634118626,13.033,83.1341463414634,95.0271606445312,0.718854879160094,22.6896137188078,39.6716824276836,19.9317083168891
Estonia,2022,-1.22616966587796,19.3982634080616,5.571,77.8439024390244,71.4251937866211,1.33655151148286,27.7279089870074,87.4299380839503,19.3667065306624
Finland,2022,0.763041912763526,7.12350773301402,6.719,81.1878048780488,104.944221496582,0.271944526506117,27.2854002667819,46.2847802806846,24.1490221128375
France,2022,2.71676264185913,5.22236748369725,7.303,82.1292682926829,71.5107269287109,0.502320929337976,24.0233523984125,36.6160484268785,23.8742904476312
United Kingdom,2022,5.14970388522993,7.92204883147902,3.768,81.0112195121951,79.7695083618164,0.921336799385098,18.3468561370256,34.0619283837069,20.3875396220537
Georgia,2022,10.9585321385624,11.8981654203198,11.621,74.141,79.3253367493498,0.104889950638883,24.0666627779303,52.4788792204227,12.5293829261598
Ghana,2022,3.80484980952164,31.2558951049016,2.87,65.246,20.44559258931,1.92029034344132,16.4078520146146,34.6640435533587,6.65253432796479
Greece,2022,5.52198580589408,9.64525981280642,12.426,80.7878048780488,166.389556884766,-1.25988945727074,18.8094114631783,49.2316205589503,20.0673187289139
"Hong Kong SAR, China",2022,-3.68378414495199,1.88136707196853,4.318,83.6609756097561,100.776315789474,-0.907914524343304,15.2299295577844,194.486518007141,14.3371108759121
Croatia,2022,7.29445343642668,10.7805806758686,6.811,77.5756097560976,80.7626724243164,-0.603521952188318,26.2279615263249,59.5120446927421,21.1186699180416
Hungary,2022,4.15238057779229,14.6081439492433,3.583,75.8682926829268,60.2746810913086,-0.268850150860009,34.3613666532303,89.7719474858873,20.637770274229
Indonesia,2022,5.30719722664799,4.20946463714784,3.462,70.925,42.3260385456152,0.746050469653246,29.7453138212259,24.5029116862832,7.68965394773072
India,2022,7.60936497768895,6.69903414079852,4.822,71.698,32.6703053423023,0.790200540609834,33.6192585388984,23.2515412045298,10.255037910793
Ireland,2022,7.51113888415304,7.82945736434105,4.465,82.509756097561,77.5933380126953,1.98101664069715,22.8840856405086,139.505980538698,11.0654566411677
"Iran, Islamic Rep.",2022,4.35281087521344,43.4884641742179,9.085,76.799,58.6838607788086,1.20100285857304,40.7255733512162,25.5666185174995,12.6796919148053
Iceland,2022,8.82069395623492,8.3087551155892,3.789,82.119512195122,84.985237121582,2.51377343254216,24.2511352122354,46.7416216665013,25.2082830039574
Israel,2022,6.26326343841286,4.41162725488371,3.695,82.7,58.9500617980957,1.96636884788361,27.2821521718091,31.3853280968641,20.8858862559158
Italy,2022,4.82117669913565,8.20128991161718,8.069,82.7,73.8962097167969,-0.20230086688254,24.5977298322393,35.0991400412578,18.7892572071706
Japan,2022,0.941998775483285,2.49770278172255,2.614,83.9963414634146,63.3752288818359,-0.443851919148528,26.7755742133001,21.5464241239166,21.5663525457355
Kazakhstan,2022,3.19999999970734,15.0278644440851,4.86,73.503,57.2459264222925,1.46316879039749,24.9759095791804,41.5690089041544,10.499269785365
Kyrgyz Republic,2022,8.96750520041391,13.9229093174176,4.767,72.0487804878049,54.2184527097527,1.7936545985598,35.6406881799816,46.3372718307792,16.7856680309648
Cambodia,2022,5.12990110773977,5.34370264895437,0.245,70.528,14.6069513022825,1.33088813106016,34.5945264318735,72.2070606780988,5.8998539290284
"Korea, Rep.",2022,2.72756456708991,5.08951365062842,2.857,82.6804878048781,102.813056945801,-0.187486566698935,33.3254869272348,45.294860984133,17.6379104489815
Lebanon,2022,-0.621678970663112,171.205491336641,11.105,78.003,58.1761149059991,0.460053063032864,1.22517144706489,34.8287792460469,3.62532508452807
Sri Lanka,2022,-7.34919301306745,49.7211021114327,4.528,77.3,22.3679922774735,0.112772639779474,27.2717494247654,21.5595624620967,7.23003958939168
Lithuania,2022,2.53752574011534,19.7050461518394,5.955,75.6439024390244,76.9154586791992,0.824789131191284,28.0753061012226,86.7798492943433,16.744046116116
Luxembourg,2022,-1.0974168968152,6.33600807777919,4.588,82.9463414634147,21.032600402832,2.01666790212729,17.0331766630247,222.308456163103,17.8221100296952
Latvia,2022,1.90853419029801,17.3102830198815,6.815,74.2780487804878,91.3303680419922,-0.271369577775699,24.6702240089291,77.5014838423287,20.493101172277
"Macao SAR, China",2022,-18.956941494497,1.04502802369954,2.446,83.0804878048781,116.232189973615,-0.764822083825685,23.2050134288272,84.7916044961703,27.4723962996121
Morocco,2022,1.81269242194809,6.65704202759067,9.413,75.161,45.9400219155138,1.00863622672701,30.4603014984939,44.7116282313453,18.9405784157794
Moldova,2022,-4.6000000255323,28.7372976766235,0.909,71.546,68.0572346521372,-2.62110760462091,27.3104295249444,41.2264594544499,17.5088164034295
Madagascar,2022,4.15609778386296,8.16059031991844,3.186,63.068,5.87562673022926,2.48207836172625,22.1619767688281,30.5432948746479,16.4804812290772
Maldives,2022,13.8260895184139,2.33314337624567,4.303,80.76,48.4968654322788,1.528878337276,32.9897963177697,82.6708555603035,17.2210402649709
Mexico,2022,3.70975709163623,7.8962761916855,3.256,73.973,46.4061317443848,0.753116988604166,22.7701948909454,42.9322902133702,11.1310457406985
North Macedonia,2022,2.75888415332967,14.2047173195833,14.476,74.4248780487805,53.1601181030273,-0.294481335654044,36.0166355424196,72.785399542204,15.0221055675641
Malta,2022,2.48309993837792,6.15375621933037,3.471,82.2975609756098,74.5901336669922,2.47100289980875,26.3781498400487,128.460090611122,17.634375608805
Montenegro,2022,7.73954689516201,13.0403036347004,14.851,76.1878048780488,57.4317893981934,-0.234174139002603,27.5825933417284,51.3449416638117,18.0647571264996
Mongolia,2022,5.0327096366527,15.1509728200805,5.954,71.9007317073171,67.6998728025335,1.46704738017187,42.3321000384678,65.0613511558615,13.9186983764226
Mauritius,2022,8.69306675264066,10.7737512242899,6.322,73.5146341463415,44.2026816403629,-0.301401216835277,20.411044705092,67.0292948520561,15.9449094420961
Malawi,2022,0.921115069005936,20.953969729969,5.02,66.037,2.70813684546823,2.567947782963,15.9327969038503,11.342380846457,21.4078008103887
Malaysia,2022,9.03173723044451,3.37869862549928,3.93,75.444,36.9853099297291,1.1977720012836,23.5862921622175,76.8077974825844,11.6132678517006
Namibia,2022,5.3987247803654,6.08128114112413,19.615,64.19,26.1092654658031,2.77600581415178,19.9742056445263,40.4584718299625,23.006967050593
Norway,2022,3.24622860260932,5.76412317852272,3.231,82.509756097561,97.6419830322266,0.898395220610608,21.1777624084125,55.4998207714937,18.0964798823633
Nepal,2022,5.6313145568451,7.6702057938028,10.661,70.087,14.8435874359729,0.81238557412485,37.6438482526851,6.70239086589236,8.41256130684511
New Zealand,2022,3.49638686458842,7.17222476016441,3.299,81.9585365853658,77.0104675292969,-0.0570512394609476,26.2630138517952,24.0473873191656,20.8745105114568
Pakistan,2022,4.7781068690358,19.8738599646655,5.291,67.417,10.5057175294292,1.74799739792983,15.5605425943116,10.5405902721041,10.4918852190112
Panama,2022,11.0385475261766,2.85965128834711,8.086,79.324,57.8162831217614,1.26612423517538,35.8548981085663,48.0265978333415,12.7631580189509
Philippines,2022,7.58098212785563,5.82115811213955,2.598,69.472,38.4011392706768,0.760479216015364,24.6858616763102,28.3874015457939,15.0436742203408
Poland,2022,5.25545697386036,14.4294507575758,2.811,77.1560975609756,75.2911071777344,-0.433070695882457,22.059467565345,62.3525162455456,18.1191286260219
Portugal,2022,6.98584137580278,7.83269124233323,6.138,81.6317073170732,75.0714797973633,0.697256448023043,21.3735177177842,49.4816822004506,17.4472259436645
West Bank and Gaza,2022,4.08276027347105,3.74122391852077,24.42,76.662,45.7982801281791,2.42553777623863,26.5231796718061,18.4362526414651,20.4899428660875
Qatar,2022,4.18497018544697,4.99527553740761,0.13,81.857,35.0854901088778,5.90701824957099,30.643232538678,68.5984088244276,12.8767373907611
Romania,2022,4.18771305104109,13.7954887432521,5.614,75.1536585365854,58.2390403747559,-0.385412679960785,27.0611653434665,43.5131053942163,16.656923765154
Russian Federation,2022,-1.43588213859842,13.7436797398232,3.867,72.5456097560976,53.9151941239211,-0.352843110363082,23.2028710254613,27.7203033526803,17.0922277314908
Rwanda,2022,8.16120720872912,17.6892095588153,15.084,67.528,7.41325884733851,2.19046619232976,25.7418263768417,22.4780615146911,17.0328176794153
Saudi Arabia,2022,12.0005874752929,2.47407371925372,5.589,77.31,73.7492065429688,4.41891994509507,26.5159908508109,35.9850098955522,19.1390912620423
Senegal,2022,3.85043193735768,9.69681899081073,2.837,67.788,15.6478973478986,2.46764281803509,45.3064643568889,26.6991642240508,15.1470361751039
Singapore,2022,4.10800021897151,6.13095418919732,3.591,82.8951219512195,98.02222650098,3.30862052439523,22.2139256940454,186.114290787201,9.24182573082399
El Salvador,2022,2.95461516549889,7.19861615609867,2.999,71.969,31.4538910186841,0.39146192798287,24.4715740009765,32.433483149734,18.8109426635356
Serbia,2022,2.70347705543654,11.9815117344703,8.439,75.2365853658537,69.8046798706055,-2.5170575672922,26.3842034681714,60.7381674989747,18.3527496834241
Slovak Republic,2022,0.544591632137454,12.7741463637611,6.143,76.9658536585366,52.4959106445312,-0.284860959688394,23.3083572565552,99.0674933921507,20.5171306444411
Slovenia,2022,2.66850555542486,8.83369886749452,4.011,81.2829268292683,82.3922576904297,0.189424378732817,24.5714885958339,94.3162594247263,19.53040722729
Sweden,2022,1.25543620445816,8.36929098869189,7.417,83.0585365853659,83.8976135253906,0.68058286829853,26.9218066455024,54.3120633586152,25.5364171916894
Thailand,2022,2.58037874709827,-1.61068030486688,0.94,75.291,43.29484965617,0.0111485454856964,27.8584292539583,65.3727641914083,17.7190156034668
Tunisia,2022,2.75228761004381,8.30646124447623,15.3,76.05,37.1276893615723,0.585173208533683,16.6738021219912,51.325939710781,20.369250848904
Turkiye,2022,5.44122511322401,72.3088359891207,10.465,77.591,127.577972412109,0.984586244469359,38.602139717568,38.1412107474416,11.817312986037
Tanzania,2022,4.56600576430955,4.35027204269101,1.573,66.879,5.32159018874409,2.95046658393064,41.0677624080732,15.4137105201683,8.30175218114757
Uruguay,2022,4.48622703072073,9.10437983075437,7.877,76.468,76.3977408357972,-0.170369337727093,18.6551845628116,33.3316130133263,16.3519256045241
United States,2022,2.51237531986017,8.00279982052121,3.65,77.4341463414634,79.361930847168,0.575744520494521,22.2944256402277,11.7844046293243,13.9429723365358
Uzbekistan,2022,6.00134232203442,11.4466436998836,4.456,72.147,31.701936179599,2.00999064709715,34.8667419109999,23.2670310407511,14.9774337437257
Viet Nam,2022,8.53750046755788,3.15650749963129,1.57,74.502,44.7536854027422,0.750756665157789,32.3404994444961,93.420129043511,8.81892224803344
Samoa,2022,2.26705055249026,10.9618822286844,5.048,71.55,18.5508413272527,0.690847424147793,32.1879710524759,11.4857734041295,20.4563753812071
South Africa,2022,2.05813661692193,7.03987272546482,33.268,65.454,23.7271036201865,1.41397227960081,15.6721092997041,33.5394403164272,18.775567058988
Angola,2023,1.26330814020108,13.6441017767714,14.051,64.617,10.04935810264,3.08065530722915,12.3076318613212,32.3263024339928,11.4124342408281
Albania,2023,4.01541716935742,4.75834555150038,10.669,79.602,64.7293520237257,-1.54310811387613,23.4392861436214,38.4188212901288,12.1218077852414
United Arab Emirates,2023,4.30118228020602,1.62670837213248,2.151,82.909,61.3456114422447,3.97717097504667,26.6386707861598,106.846139017261,12.2173883594796
Argentina,2023,-1.85578803046339,133.488935594175,6.139,77.395,107.822574129434,0.286976121920089,19.3822632919135,12.8223120961047,16.3015627890885
Armenia,2023,8.29999999959539,1.98041877615553,12.405,77.4658536585366,56.2770051010456,-0.165163937436499,22.9413054452812,61.008329479156,12.0992285468561
Australia,2023,3.58382100798981,5.59701792296707,3.668,83.0512195121951,104.64835357666,2.43450716351535,23.873104248989,26.701068252275,21.2449452137028
Austria,2023,-0.786244288594673,7.81413417002831,5.264,81.7926829268293,91.6818237304688,0.989464653969154,26.0041363951547,58.4867595713944,20.2679436557872
Azerbaijan,2023,1.35447749115767,8.7854304984908,5.64,74.429,41.3907560278377,0.120242150339289,17.7431851628057,48.9964135000536,13.81500937233
Belgium,2023,1.71412195515242,4.04901077613941,5.547,82.4,82.1475601196289,0.850263748167955,25.3195552348258,82.7431955739295,23.5329643613137
Burkina Faso,2023,3.00027415814125,0.742910428668917,3.601,61.092,10.1078755635882,2.26973666268599,20.4019181340469,28.9402085370677,20.8974398580733
Bangladesh,2023,5.77511237007889,9.8835030377921,3.352,74.672,24.2003442708621,1.22171475464107,30.9512000834944,13.1571638341204,5.66516962733289
Bulgaria,2023,1.68151074972904,9.44284140088564,4.319,75.7560975609756,79.8532333374023,-0.286577641861364,19.7877526320657,62.0049747441024,18.4564371446211
Bahrain,2023,3.87811614845566,0.0746206782192255,1.049,81.284,57.0562240948353,3.37686417721007,29.168098874443,87.351143952571,14.6137011761089
Bosnia and Herzegovina,2023,1.99439414850893,6.1059011284828,10.668,77.85,45.5027618408203,-0.617510129445164,27.0433997525874,43.9317394171743,19.1261848173666
Belarus,2023,4.12654007153881,5.00059903091312,3.461,74.1837804878049,72.8250212584046,-0.540824986374776,24.7116791837371,66.0267285714941,17.8518963705848
Belize,2023,0.500127941638667,4.38984017487674,8.278,73.566,22.3734089825019,2.05772774277288,18.9112096493515,54.9308418513115,15.8201811308365
Brunei Darussalam,2023,1.12764418162719,0.35706431153689,5.296,75.327,36.4182725443167,0.782881746925984,29.6282073672206,76.7032024805205,22.8682451787794
Bhutan,2023,4.63215704523927,4.22934419929251,3.126,72.975,15.0074996948242,0.698146584889649,45.2657365019991,28.3881079027315,20.3353967828134
Botswana,2023,3.20806812224438,5.06761549343829,23.381,69.163,20.5658232475186,1.64031664035479,30.2958784873742,32.2498582865187,29.2900715297286
Canada,2023,1.52874550838358,3.87900159788425,5.415,81.6263414634146,76.2666931152344,2.90468017061162,23.8949011694691,33.3498760996793,20.9054437744776
Switzerland,2023,0.683328174376044,2.13540088016386,4.043,84.1560975609756,74.0060882568359,1.26498425447772,25.9871467150257,73.3331587674762,11.2574218352381
Chile,2023,0.521367977246825,7.58168251407962,9.013,81.167,104.734062194824,0.53962870957127,23.3620550113744,30.8110620735322,15.299339236854
China,2023,5.41484330099675,0.23483682889305,4.67,77.953,74.5933014618366,-0.103794531589067,41.1297102455381,19.102471716101,17.1891419707315
Cote d'Ivoire,2023,6.60000045223954,4.36972254867474,2.263,61.944,11.5724272130065,2.50384681190665,24.5444478808032,22.4353390507141,9.26221456590428
Cameroon,2023,3.34756290750219,7.38281384280983,3.607,63.7,16.0404395184936,2.64245336134821,19.2850918964923,16.8527562193087,11.2406870791033
"Congo, Rep.",2023,1.90686426346754,4.30174563591016,19.919,65.772,10.3812103271484,2.41919038084212,25.2109559920067,56.8959278033859,13.0993020877754
Cyprus,2023,3.61945644636856,3.54134188751663,5.835,81.648,107.26212310791,1.0167681770201,21.4725198606437,96.3899953620863,18.4416024400142
Czechia,2023,0.0475803308973752,10.6612601372427,2.579,79.8268292682927,66.7282867431641,1.78238907045946,28.2189210871769,68.4031069284452,19.5529041451606
Germany,2023,-0.869647578573321,5.94643667725823,3.071,81.0414634146342,78.5947494506836,0.131511079477747,21.994283425489,42.9672624196847,21.0588698152068
Denmark,2023,0.604587766175584,3.30517811237605,5.094,81.7536585365854,81.2308197021484,0.741185515720057,23.6446197797629,69.3143620591443,22.617097497429
Dominican Republic,2023,2.19229848237939,4.78561281021135,5.555,73.72,58.2428049803824,0.891159203732232,27.8145628515185,21.3233165320401,11.2787393309517
Algeria,2023,4.10000000005964,9.32217375928322,11.645,76.261,55.5320185816789,1.49897601193923,37.6168765143841,23.7900604738163,17.9064173126831
Ecuador,2023,1.98823813984235,2.21568764237058,3.51,77.392,67.8851161961618,0.872456027022398,20.650593270293,28.5659295875425,13.5836201122079
"Egypt, Arab Rep.",2023,3.76028052279247,33.8847763115546,6.753,71.633,37.9005584716797,1.68834126904494,16.4907339937373,19.1060913405676,6.78850660732221
Spain,2023,2.46085796805582,3.53236133492432,12.179,83.9341463414634,93.7303466796875,1.17836618688432,21.1209265029601,37.8166476493913,19.470863508931
Estonia,2023,-2.74421914571231,9.15922507983982,6.378,78.7926829268293,67.6179275512695,1.57745133607335,25.2415123920517,77.7746597010983,20.5544434569907
Finland,2023,-0.939093459613758,6.25064322154762,7.149,81.5853658536585,108.130409240723,0.499192375381062,22.9633348970856,42.7930569401278,25.6197589866886
France,2023,1.43921494437743,4.8783572650844,7.335,82.8317073170732,70.4536437988281,0.275093143443794,22.9278749312543,34.4562568778842,23.0901262196221
United Kingdom,2023,0.271650048355255,6.79396706793963,4.025,81.2380975609756,80.4146499633789,1.30497972307431,18.4594014019513,31.9122697629938,20.2413809642158
Georgia,2023,7.83220126555726,2.48776056578715,11.549,74.496,78.2652247393707,0.0802640328443946,24.9987945206376,49.2670598313658,12.1485458625234
Ghana,2023,3.14009099763754,38.1069656296501,2.829,65.498,22.0958254757285,1.90860289687983,10.1167734490213,31.7708164934404,5.49933849254746
Greece,2023,2.13591131996631,3.46480128513405,11.023,81.7365853658537,165.113418579102,-0.283349545727581,16.1682825755533,43.8388384656123,19.3306773184981
Guatemala,2023,3.5331575177533,6.20657592272126,2.344,72.602,27.2948879201171,1.53986971917384,16.4754437049976,16.6062377966274,11.2417426602033
"Hong Kong SAR, China",2023,3.2238599613664,2.09660511249089,2.949,85.2473170731707,105.461738484398,2.55352466697343,16.1396966154143,176.797005304001,13.3006615253428
Croatia,2023,3.76164540703459,7.9412817758683,6.121,78.4731707317073,81.1775207519531,0.104856226330186,24.665931641659,52.5676679699973,20.9014881150441
Hungary,2023,-0.817107370513455,17.1249659678737,4.096,76.5707317073171,56.5924415588379,-0.134269181500181,26.0318946328214,81.23463230178,19.9521193750233
Indonesia,2023,5.04902331835997,3.66938654859761,3.308,71.146,44.8813034886441,0.842666137328498,30.3425864737035,21.7538472039177,7.45486118997106
India,2023,9.19075493028345,5.64914318907925,4.172,72.003,34.2394344991225,0.883289539766135,33.3623103638844,21.4486977833541,10.3054222433801
Iceland,2023,5.18615760140189,8.73630299937298,3.518,82.4560975609756,76.5200729370117,0.953546915490719,25.1512117728756,44.1458930228565,25.1365329197638
Israel,2023,1.82652049482384,4.22522603168918,3.371,83.1951219512195,57.143440246582,3.00437405991345,26.1101982037385,30.4105026275679,22.3099973815371
Italy,2023,0.975694840127005,5.62219442195901,7.627,83.3512195121951,75.9496536254883,-0.0499178457490556,23.0784564391973,33.3315893476608,17.6651591380703
Kazakhstan,2023,5.09999999973641,14.5275597825952,4.835,74.402,54.6563982045582,1.46415151694869,28.157135537565,34.650577449538,11.2471234717129
Kenya,2023,5.71999241214208,7.67139634029402,5.409,63.646,8.67676730066979,1.98296028478422,16.5707504717762,16.890666978856,11.7769650802435
Kyrgyz Republic,2023,9.0132928339342,10.7532770416742,3.498,72.2487804878049,53.588822099772,1.76957037310792,34.4590059457311,36.8882232535821,15.9811206166166
Cambodia,2023,5.00733043811898,2.12746796594194,0.256,70.668,17.4362364390629,1.28320677599476,33.2944796211269,66.8926660552171,6.07786090254716
"Korea, Rep.",2023,1.58301467403629,3.5974562502901,2.675,83.4292682926829,106.709167480469,0.077477253324535,31.8912200894147,41.3214807367697,17.7751832803211
Lebanon,2023,-0.760584470257314,221.341644023365,10.985,77.817,54.4012561547071,0.503630953855672,1.89754409912655,30.5514119674735,5.16901441243845
Sri Lanka,2023,-2.3298481898334,16.5411742279832,4.528,77.483,20.7412633848006,-0.651320770103285,24.5850342832275,20.689136230194,6.77749233444335
Lithuania,2023,0.342262716277261,9.11731962390475,6.841,77.290243902439,77.0064163208008,1.40084461829591,21.9341715222081,76.4728581033646,17.2754834531022
Luxembourg,2023,0.0994399943552651,3.74140361983136,5.184,83.309756097561,21.5371704101562,2.02002574712319,16.4259109763361,217.379822583978,18.3408704839661
Latvia,2023,-0.941606068823631,8.9380462331663,6.465,75.4268292682927,85.7360610961914,0.22997050070229,24.6916298440452,65.9896551482715,20.112103306672
"Macao SAR, China",2023,75.3084184293413,0.476384495788075,2.206,83.1804878048781,129.151041666667,0.221222713921319,15.2974689049317,92.4170435765852,13.8674762981647
Morocco,2023,3.65564411017931,6.09114152504141,8.896,75.313,47.4687039298036,1.02195181223548,28.9983598724931,42.4176033594569,18.150541674579
Moldova,2023,1.2000000493378,13.4170104381299,1.57,71.198,71.1679028753075,-2.84274212689094,20.084591001224,35.1125857861262,17.9303159195662
Madagascar,2023,4.20304615840668,9.87432675044888,3.044,63.632,6.1466638463036,2.46201530433165,19.9083555489204,27.0030474850644,16.6262406413491
Mexico,2023,3.35354140652768,5.52796087314389,2.765,75.069,47.474681854248,0.872178517508623,23.8945184286558,36.0693951643755,11.1313196484459
North Macedonia,2023,2.554965253403,9.36187249769015,13.174,75.3160975609756,55.0082015991211,-0.212923714310977,29.6278058870411,67.3969980458635,14.934347481884
Malta,2023,10.6215185022616,5.09396758978883,3.479,83.3560975609756,80.5250091552734,3.99255876861009,19.838129805231,119.558228831642,16.435760263033
Montenegro,2023,6.47836283518564,8.58476910455403,13.146,77.5878048780488,55.1743011474609,-0.0099429084692826,25.4474865908397,49.229023063194,17.8621887929582
Mongolia,2023,7.4221127615025,10.347583131434,5.178,72.1224390243902,67.941399950927,1.3708886685104,33.9003731595217,76.2571171270924,13.0063852760592
Mauritius,2023,5.00791900868131,7.05298238454736,5.571,73.4121951219512,43.3386887794765,-1.1051534726941,19.9232351140484,69.0411453509364,14.3584873078916
Malaysia,2023,3.5370638041057,2.48886560125754,3.858,76.657,37.2745812491757,1.23402869169549,22.8017590224926,68.6789535653168,11.9697728310015
Nicaragua,2023,4.42774384760374,8.38765854872536,4.698,74.947,30.3635101318359,1.37167812196347,22.1511227447242,45.8493717732877,12.8951938413098
Netherlands,2023,-0.598096167209832,3.83839354342808,3.535,81.8634146341464,86.5938262939453,0.990139686700227,20.0805040885297,87.4860612893795,24.9106541742808
Norway,2023,0.0721204806030329,5.51784987104659,3.574,83.0121951219512,95.0573806762695,1.13831142739624,24.2545661042046,47.9120990269837,22.0477897050686
Nepal,2023,1.98254843628392,7.11587261530826,10.437,70.354,19.0357612047581,-0.0700958873206174,31.1493001529726,7.00596728087278,6.62485343600964
Pakistan,2023,-0.414935997088406,30.7681280657005,5.237,67.649,10.4770304814137,1.54880458608849,13.9681470393061,10.4939587511564,10.3442770582193
Panama,2023,7.16632946099945,1.48641355277038,6.544,79.594,53.6949637061742,1.30902688797168,37.492889940595,45.6292440103821,12.2638661007732
Philippines,2023,5.51894967862863,5.97802515541409,2.2,69.833,44.2394203278519,0.810000998681961,23.4061516163008,26.6368493470555,14.2212747884667
Poland,2023,0.249610834017872,11.5289127961105,2.743,78.2585365853659,76.8794097900391,-0.365658526875775,17.6684506133329,57.8812710195434,18.9482308008084
Portugal,2023,3.09997909018263,4.31128191898672,6.498,82.3292682926829,77.6778182983398,1.36912985956796,20.4972768619235,47.1554769314882,16.6915492938731
Romania,2023,2.25773416555121,10.3971874764996,5.589,76.4048780487805,55.1682891845703,0.0659152146414443,26.2097285719548,39.2445975462886,17.1999939148178
Russian Federation,2023,4.08252481259281,5.86571931748967,3.076,73.2546341463415,93.7277679443359,-0.285217600763343,27.0076136288036,22.4927119538767,17.9582539621367
Rwanda,2023,8.24990302014558,19.789546746467,12.352,67.785,8.88624308383425,2.1984982050137,23.5855215423605,25.0057307202908,16.2989613675996
Senegal,2023,4.2574308328029,5.93947798773215,2.784,68.683,16.0710053721835,2.38738348832592,41.928839419992,23.1048516643818,8.0703764544053
Singapore,2023,1.82140694115385,4.83372362825798,3.444,83.0975609756098,97.2886546863037,4.85831607781442,21.2437977714338,181.561322405378,9.9992117137858
El Salvador,2023,3.5391566928735,4.04554694222477,2.992,72.099,32.3802636612661,0.465531145369394,20.6846824919049,31.3971431390261,19.0636599462278
Serbia,2023,3.74793303561771,12.3719043552519,8.268,76.1414634146341,73.2060012817383,-0.621120944154492,24.6160934874749,55.0746098125196,17.1267778521403
Slovak Republic,2023,2.11263633214959,10.5319476645211,5.843,78.119512195122,53.417610168457,-0.0923148510113108,19.7276184665634,91.4935561325084,19.9979297175368
Slovenia,2023,2.3758326648385,7.44687717385838,3.652,81.9292682926829,80.0806884765625,0.396216782960902,22.510001872287,83.4382737313632,19.1972075944159
Sweden,2023,-0.204061304891439,8.5486248974891,7.611,83.309756097561,81.3998184204102,0.472717863265105,25.2626527566229,55.1958779701806,26.3170240463134
Thailand,2023,2.01775095328327,8.47805174421543,0.733,76.412,45.4407811172674,-0.0458651887192549,22.4605099910508,65.4445629404008,16.6164810176384
Timor-Leste,2023,-18.135905003556,8.42035103310377,1.525,67.689,30.9611108169641,1.08884743970717,20.4884518790722,22.9230952988934,52.9207740368254
Tonga,2023,2.79014366862668,6.35112980255189,1.652,72.895,42.8611738148984,-0.424539964766316,25.9304513697377,14.7440206946818,25.0876026664515
Tunisia,2023,0.184015548469745,9.32899597507865,15.106,76.508,38.1219482421875,0.666925034776371,8.20796640437897,53.0393939110608,19.4187952219205
Turkiye,2023,5.04512369812289,53.8594087593315,9.388,77.156,105.88606262207,0.406389351118662,34.5882765114043,31.9135926809724,13.2360600879054
Tanzania,2023,5.06952353203394,3.79923291384916,1.565,66.995,5.16887784940301,2.90250073555304,41.0023887360591,17.1954298762755,8.75962998482192
Uruguay,2023,0.742128785315927,5.86910359896119,8.355,78.138,79.9536903496537,-0.0835522251458198,17.5353424867451,28.1403012343037,16.9963640196447
Uzbekistan,2023,6.29141635082311,9.95659071258018,4.434,72.388,45.7591768686293,2.02114614047908,34.6156267803286,24.4247464665459,14.4844754028732
Viet Nam,2023,5.06502391455075,3.25289282667662,1.645,74.588,32.8415128147815,0.671429250652247,31.6465959765628,86.4674192371297,8.84756445434067
Samoa,2023,15.2336106467304,7.92164684826777,4.92,71.698,14.6106638814429,0.649190563116911,36.0680830328679,26.208578449107,16.4684574663298
South Africa,2023,0.80610455095804,6.0752438457966,32.098,66.139,23.493768799339,1.32810094082844,15.3913174995668,33.2538127556816,19.1795974311491
